<application>
  <component name="Registry">
    <entry key="ide.balloon.shadow.size" value="0" />
    <entry key="win.editor.thumb.default.alpha.base" value="0" />
    <entry key="win.editor.thumb.default.alpha.delta" value="102" />
    <entry key="win.editor.thumb.darcula.alpha.base" value="0" />
    <entry key="win.editor.thumb.darcula.alpha.delta" value="102" />
    <entry key="win.editor.thumb.default.fill.min" value="102" />
    <entry key="win.editor.thumb.default.fill.max" value="150" />
    <entry key="win.editor.thumb.darcula.fill.min" value="102" />
  </component>
</application>