<application>
  <component name="PropertiesComponent">
    <property name="ColorChooser.RecentColors" value="70-119-233-255" />
    <property name="Darcula.SavedEditorTheme" value="_@user_Material Darker" />
    <property name="Default.SavedEditorTheme" value="Visual Studio Theme" />
    <property name="DocumentationAutoUpdateEnabled" value="true" />
    <property name="ExpandBeforeRunStepsPanel" value="true" />
    <property name="ExpandRunDashboardTypesPanel" value="false" />
    <property name="PluginConfigurable.selectionTab" value="1" />
    <property name="PyCharm.InitialConfiguration" value="true" />
    <property name="PyCharm.InitialConfiguration.V2" value="true" />
    <property name="PyCharm.InitialConfiguration.V3" value="true" />
    <property name="PyCharm.InitialConfiguration.V4" value="true" />
    <property name="PyCharm.InitialConfiguration.V5" value="true" />
    <property name="PyCharm.InitialConfiguration.V6" value="true" />
    <property name="PyCharm.InitialConfiguration.V7" value="true" />
    <property name="PyCharm.initialConfigurationShown" value="true" />
    <property name="SettingsSearchHistory" value="inter&#10;material&#10;plug&#10;exte&#10;pack" />
    <property name="ShowDocumentationInToolWindow" value="true" />
    <property name="evlsprt3.183" value="19" />
    <property name="file.chooser.recent.files" value="$USER_HOME$/Desktop/binary option&#10;/home/s/Desktop/Week3/Decision-Tree" />
    <property name="file.gist.reindex.count" value="20584" />
    <property name="fileTypeChangedCounter" value="12" />
    <property name="lastTip" value="13" />
    <property name="mt.showStatisticsAgreement" value="true" />
    <property name="quick.doc.font.size" value="SMALL" />
    <property name="ts.lib.d.ts.version" value="3.2.1" />
  </component>
  <component name="PyTestFrameworkService">
    <option name="SDK_TO_PYTEST">
      <map>
        <entry key="$USER_HOME$/anaconda3/bin/python" value="true" />
      </map>
    </option>
    <option name="SDK_TO_NOSETEST">
      <map>
        <entry key="$USER_HOME$/anaconda3/bin/python" value="true" />
      </map>
    </option>
    <option name="SDK_TO_TRIALTEST">
      <map>
        <entry key="$USER_HOME$/anaconda3/bin/python" value="false" />
      </map>
    </option>
  </component>
</application>